,0
0,"App unlock
Add car to favorites
Tesla Model 3 2018
4.9
(227 trips)
All-Star Host
$120/day"
1,"Add car to favorites
Tesla Model X 2016
5.0
(18 trips)
All-Star Host
$190/day"
2,"Add car to favorites
Tesla Model S 2017
4.97
(29 trips)
All-Star Host
Book now, save $12
$129$123/day"
3,"Add car to favorites
Tesla Model S 2016
5.0
(1 trip)
Book now, save $40
$200$180/day"
4,"Add car to favorites
Porsche Panamera 2015
5.0
(16 trips)
All-Star Host
Book now, save $16
$150$142/day"
5,"Add car to favorites
Tesla Model X 2016
5.0
(3 trips)
All-Star Host
$159/day"
6,"Add car to favorites
Jaguar F-TYPE 2015
5.0
(42 trips)
$150/day"
7,"App unlock
Add car to favorites
Tesla Model 3 2018
5.0
(38 trips)
All-Star Host
Book now, save $26
$134$121/day"
8,"Add car to favorites
Tesla Model S 2017
4.97
(29 trips)
All-Star Host
Book now, save $12
$129$123/day"
9,"Add car to favorites
Tesla Model S 2016
5.0
(1 trip)
Book now, save $40
$200$180/day"
10,"Add car to favorites
Porsche Panamera 2015
5.0
(16 trips)
All-Star Host
Book now, save $16
$150$142/day"
11,"Add car to favorites
Tesla Model X 2016
5.0
(3 trips)
All-Star Host
$159/day"
12,"Add car to favorites
Jaguar F-TYPE 2015
5.0
(42 trips)
$150/day"
13,"App unlock
Add car to favorites
Tesla Model 3 2018
5.0
(38 trips)
All-Star Host
Book now, save $26
$134$121/day"
14,"App unlock
Add car to favorites
Tesla Model 3 2020
4.98
(98 trips)
All-Star Host
$119/day"
15,"Add car to favorites
Tesla Model 3 2017
5.0
(1 trip)
All-Star Host
Book now, save $10
$109$104/day"
16,"Add car to favorites
BMW i8 2016
5.0
(265 trips)
All-Star Host
Book now, save $30
$295$280/day"
17,"Add car to favorites
Mercedes-Benz C-Class 2016
4.87
(21 trips)
$75/day"
18,"Add car to favorites
Jaguar F-TYPE 2015
5.0
(42 trips)
$150/day"
19,"App unlock
Add car to favorites
Tesla Model 3 2018
5.0
(38 trips)
All-Star Host
Book now, save $26
$134$121/day"
20,"App unlock
Add car to favorites
Tesla Model 3 2020
4.98
(98 trips)
All-Star Host
$119/day"
21,"Add car to favorites
Tesla Model 3 2017
5.0
(1 trip)
All-Star Host
Book now, save $10
$109$104/day"
22,"Add car to favorites
BMW i8 2016
5.0
(265 trips)
All-Star Host
Book now, save $30
$295$280/day"
23,"Add car to favorites
Mercedes-Benz C-Class 2016
4.87
(21 trips)
$75/day"
24,"Add car to favorites
Ferrari California 2014
5.0
(56 trips)
All-Star Host
Book now, save $40
$399$379/day"
25,"Add car to favorites
BMW 3 Series 2008
4.99
(86 trips)
All-Star Host
$55/day"
26,"App unlock
Add car to favorites
Tesla Model 3 2020
4.93
(116 trips)
All-Star Host
$129/day"
27,"Add car to favorites
Maserati Ghibli 2017
5.0
(25 trips)
Book now, save $20
$192$182/day"
28,"App unlock
Add car to favorites
Tesla Model 3 2020
4.98
(98 trips)
All-Star Host
$119/day"
29,"Add car to favorites
Tesla Model 3 2017
5.0
(1 trip)
All-Star Host
Book now, save $10
$109$104/day"
30,"Add car to favorites
BMW i8 2016
5.0
(265 trips)
All-Star Host
Book now, save $30
$295$280/day"
31,"Add car to favorites
Mercedes-Benz C-Class 2016
4.87
(21 trips)
$75/day"
32,"Add car to favorites
Ferrari California 2014
5.0
(56 trips)
All-Star Host
Book now, save $40
$399$379/day"
33,"Add car to favorites
BMW 3 Series 2008
4.99
(86 trips)
All-Star Host
$55/day"
34,"App unlock
Add car to favorites
Tesla Model 3 2020
4.93
(116 trips)
All-Star Host
$129/day"
35,"Add car to favorites
Maserati Ghibli 2017
5.0
(25 trips)
Book now, save $20
$192$182/day"
36,"Add car to favorites
Tesla Model 3 2018
5.0
(2 trips)
All-Star Host
Book now, save $10
$109$104/day"
37,"Add car to favorites
Porsche Boxster 2014
5.0
(4 trips)
$120/day"
38,"Add car to favorites
Ferrari California 2014
5.0
(56 trips)
All-Star Host
Book now, save $40
$399$379/day"
39,"Add car to favorites
BMW 3 Series 2008
4.99
(86 trips)
All-Star Host
$55/day"
40,"App unlock
Add car to favorites
Tesla Model 3 2020
4.93
(116 trips)
All-Star Host
$129/day"
41,"Add car to favorites
Maserati Ghibli 2017
5.0
(25 trips)
Book now, save $20
$192$182/day"
42,"Add car to favorites
Tesla Model 3 2018
5.0
(2 trips)
All-Star Host
Book now, save $10
$109$104/day"
43,"Add car to favorites
Porsche Boxster 2014
5.0
(4 trips)
$120/day"
44,"App unlock
Add car to favorites
Tesla Model S 2016
4.89
(41 trips)
All-Star Host
$129/day"
45,"Add car to favorites
Chevrolet Corvette 2008
4.98
(116 trips)
All-Star Host
Book now, save $12
$125$119/day"
46,"App unlock
Add car to favorites
BMW 4 Series 2015
5.0
(1 trip)
$98/day"
47,"Add car to favorites
Ford Mustang 2014
5.0
(16 trips)
All-Star Host
$55/day"
48,"Add car to favorites
Tesla Model 3 2018
5.0
(2 trips)
All-Star Host
Book now, save $10
$109$104/day"
49,"Add car to favorites
Porsche Boxster 2014
5.0
(4 trips)
$120/day"
50,"App unlock
Add car to favorites
Tesla Model S 2016
4.89
(41 trips)
All-Star Host
$129/day"
51,"Add car to favorites
Chevrolet Corvette 2008
4.98
(116 trips)
All-Star Host
Book now, save $12
$125$119/day"
52,"App unlock
Add car to favorites
BMW 4 Series 2015
5.0
(1 trip)
$98/day"
53,"Add car to favorites
Ford Mustang 2014
5.0
(16 trips)
All-Star Host
$55/day"
54,"Add car to favorites
Tesla Model S 2016
5.0
(38 trips)
All-Star Host
Book now, save $12
$125$119/day"
55,"Add car to favorites
FIAT 500 2015
4.67
(46 trips)
All-Star Host
Book now, save $4
$41$39/day"
56,"Add car to favorites
Ford Mustang 2014
4.91
(27 trips)
All-Star Host
Book now, save $6
$62$59/day"
57,"App unlock
Add car to favorites
Tesla Model 3 2021
5.0
(8 trips)
All-Star Host
$119/day"
58,"App unlock
Add car to favorites
BMW 4 Series 2015
5.0
(1 trip)
$98/day"
59,"Add car to favorites
Ford Mustang 2014
5.0
(16 trips)
All-Star Host
$55/day"
60,"Add car to favorites
Tesla Model S 2016
5.0
(38 trips)
All-Star Host
Book now, save $12
$125$119/day"
61,"Add car to favorites
FIAT 500 2015
4.67
(46 trips)
All-Star Host
Book now, save $4
$41$39/day"
62,"Add car to favorites
Ford Mustang 2014
4.91
(27 trips)
All-Star Host
Book now, save $6
$62$59/day"
63,"App unlock
Add car to favorites
Tesla Model 3 2021
5.0
(8 trips)
All-Star Host
$119/day"
64,"Add car to favorites
Tesla Model 3 2021
Book now, save $10
$95$90/day"
65,"Add car to favorites
Chevrolet Corvette 2015
5.0
(10 trips)
$140/day"
66,"Add car to favorites
BMW Z4 2014
4.99
(96 trips)
All-Star Host
$108/day"
67,"Add car to favorites
Maserati Ghibli 2014
4.65
(24 trips)
Book now, save $14
$133$126/day"
68,"Add car to favorites
Tesla Model S 2016
5.0
(38 trips)
All-Star Host
Book now, save $12
$125$119/day"
69,"Add car to favorites
FIAT 500 2015
4.67
(46 trips)
All-Star Host
Book now, save $4
$41$39/day"
70,"Add car to favorites
Ford Mustang 2014
4.91
(27 trips)
All-Star Host
Book now, save $6
$62$59/day"
71,"App unlock
Add car to favorites
Tesla Model 3 2021
5.0
(8 trips)
All-Star Host
$119/day"
72,"Add car to favorites
Tesla Model 3 2021
Book now, save $10
$95$90/day"
73,"Add car to favorites
Chevrolet Corvette 2015
5.0
(10 trips)
$140/day"
74,"Add car to favorites
BMW Z4 2014
4.99
(96 trips)
All-Star Host
$108/day"
75,"Add car to favorites
Maserati Ghibli 2014
4.65
(24 trips)
Book now, save $14
$133$126/day"
76,"Add car to favorites
Tesla Model X 2020
Book now, save $30
$300$285/day"
77,"Add car to favorites
Lexus CT 200h 2012
5.0
(2 trips)
All-Star Host
$39/day"
78,"Add car to favorites
Tesla Model 3 2021
Book now, save $10
$95$90/day"
79,"Add car to favorites
Chevrolet Corvette 2015
5.0
(10 trips)
$140/day"
80,"Add car to favorites
BMW Z4 2014
4.99
(96 trips)
All-Star Host
$108/day"
81,"Add car to favorites
Maserati Ghibli 2014
4.65
(24 trips)
Book now, save $14
$133$126/day"
82,"Add car to favorites
Tesla Model X 2020
Book now, save $30
$300$285/day"
83,"Add car to favorites
Lexus CT 200h 2012
5.0
(2 trips)
All-Star Host
$39/day"
84,"Add car to favorites
Tesla Model 3 2019
4.98
(62 trips)
All-Star Host
$183/day"
85,"Add car to favorites
Tesla Model S 2015
4.97
(38 trips)
All-Star Host
$140/day"
86,"Add car to favorites
Mercedes-Benz S-Class 2016
Book now, save $16
$158$150/day"
87,"Add car to favorites
Porsche Panamera 2017
5.0
(2 trips)
$195/day"
88,"Add car to favorites
Tesla Model X 2020
Book now, save $30
$300$285/day"
89,"Add car to favorites
Lexus CT 200h 2012
5.0
(2 trips)
All-Star Host
$39/day"
90,"Add car to favorites
Tesla Model 3 2019
4.98
(62 trips)
All-Star Host
$183/day"
91,"Add car to favorites
Tesla Model S 2015
4.97
(38 trips)
All-Star Host
$140/day"
92,"Add car to favorites
Mercedes-Benz S-Class 2016
Book now, save $16
$158$150/day"
93,"Add car to favorites
Porsche Panamera 2017
5.0
(2 trips)
$195/day"
94,"App unlock
Add car to favorites
Tesla Model 3 2020
4.96
(88 trips)
All-Star Host
Book now, save $18
$176$167/day"
95,"Add car to favorites
Chevrolet Corvette 2015
4.81
(22 trips)
All-Star Host
Book now, save $18
$181$172/day"
96,"App unlock
Add car to favorites
Tesla Model 3 2021
5.0
(8 trips)
All-Star Host
$129/day"
97,"Add car to favorites
Tesla Model 3 2020
5.0
(23 trips)
All-Star Host
$140/day"
98,"Add car to favorites
Mercedes-Benz S-Class 2016
Book now, save $16
$158$150/day"
99,"Add car to favorites
Porsche Panamera 2017
5.0
(2 trips)
$195/day"
100,"App unlock
Add car to favorites
Tesla Model 3 2020
4.96
(88 trips)
All-Star Host
Book now, save $18
$176$167/day"
101,"Add car to favorites
Chevrolet Corvette 2015
4.81
(22 trips)
All-Star Host
Book now, save $18
$181$172/day"
102,"App unlock
Add car to favorites
Tesla Model 3 2021
5.0
(8 trips)
All-Star Host
$129/day"
103,"Add car to favorites
Tesla Model 3 2020
5.0
(23 trips)
All-Star Host
$140/day"
104,"Add car to favorites
MINI Cooper 2013
4.97
(72 trips)
All-Star Host
$99/day"
105,"Add car to favorites
BMW 4 Series 2016
5.0
(24 trips)
All-Star Host
Book now, save $10
$100$95/day"
106,"Add car to favorites
Maserati Ghibli 2018
5.0
(14 trips)
All-Star Host
Book now, save $14
$149$142/day"
107,"App unlock
Add car to favorites
Tesla Model S 2017
4.87
(140 trips)
$189/day"
108,"App unlock
Add car to favorites
Tesla Model 3 2020
4.96
(88 trips)
All-Star Host
Book now, save $18
$176$167/day"
109,"Add car to favorites
Chevrolet Corvette 2015
4.81
(22 trips)
All-Star Host
Book now, save $18
$181$172/day"
110,"App unlock
Add car to favorites
Tesla Model 3 2021
5.0
(8 trips)
All-Star Host
$129/day"
111,"Add car to favorites
Tesla Model 3 2020
5.0
(23 trips)
All-Star Host
$140/day"
112,"Add car to favorites
MINI Cooper 2013
4.97
(72 trips)
All-Star Host
$99/day"
113,"Add car to favorites
BMW 4 Series 2016
5.0
(24 trips)
All-Star Host
Book now, save $10
$100$95/day"
114,"Add car to favorites
Maserati Ghibli 2018
5.0
(14 trips)
All-Star Host
Book now, save $14
$149$142/day"
115,"App unlock
Add car to favorites
Tesla Model S 2017
4.87
(140 trips)
$189/day"
116,"App unlock
Add car to favorites
Tesla Model 3 2020
4.99
(92 trips)
All-Star Host
$169/day"
117,"Add car to favorites
Ford Mustang 2012
5.0
(47 trips)
All-Star Host
$50/day"
118,"Add car to favorites
MINI Cooper 2013
4.97
(72 trips)
All-Star Host
$99/day"
119,"Add car to favorites
BMW 4 Series 2016
5.0
(24 trips)
All-Star Host
Book now, save $10
$100$95/day"
120,"Add car to favorites
Maserati Ghibli 2018
5.0
(14 trips)
All-Star Host
Book now, save $14
$149$142/day"
121,"App unlock
Add car to favorites
Tesla Model S 2017
4.87
(140 trips)
$189/day"
122,"App unlock
Add car to favorites
Tesla Model 3 2020
4.99
(92 trips)
All-Star Host
$169/day"
123,"Add car to favorites
Ford Mustang 2012
5.0
(47 trips)
All-Star Host
$50/day"
124,"Add car to favorites
Acura NSX 2017
5.0
(11 trips)
All-Star Host
Book now, save $42
$425$404/day"
125,"Add car to favorites
Alfa-romeo Giulia 2019
5.0
(25 trips)
Book now, save $10
$99$94/day"
126,"Add car to favorites
BMW M4 2016
5.0
(17 trips)
All-Star Host
$149/day"
127,"Add car to favorites
Toyota Prius Prime 2017
5.0
(4 trips)
Book now, save $6
$69$66/day"
128,"App unlock
Add car to favorites
Tesla Model 3 2020
4.99
(92 trips)
All-Star Host
$169/day"
129,"Add car to favorites
Ford Mustang 2012
5.0
(47 trips)
All-Star Host
$50/day"
130,"Add car to favorites
Acura NSX 2017
5.0
(11 trips)
All-Star Host
Book now, save $42
$425$404/day"
131,"Add car to favorites
Alfa-romeo Giulia 2019
5.0
(25 trips)
Book now, save $10
$99$94/day"
132,"Add car to favorites
BMW M4 2016
5.0
(17 trips)
All-Star Host
$149/day"
133,"Add car to favorites
Toyota Prius Prime 2017
5.0
(4 trips)
Book now, save $6
$69$66/day"
134,"Add car to favorites
Porsche Cayenne 2014
5.0
(5 trips)
All-Star Host
Book now, save $12
$125$119/day"
135,"App unlock
Add car to favorites
BMW I3 2019
4.85
(68 trips)
All-Star Host
$79/day"
136,"Add car to favorites
FIAT 500 2014
4.96
(26 trips)
All-Star Host
$60/day"
137,"Add car to favorites
Porsche Cayenne 2017
5.0
(19 trips)
All-Star Host
$125/day"
138,"Add car to favorites
BMW M4 2016
5.0
(17 trips)
All-Star Host
$149/day"
139,"Add car to favorites
Toyota Prius Prime 2017
5.0
(4 trips)
Book now, save $6
$69$66/day"
140,"Add car to favorites
Porsche Cayenne 2014
5.0
(5 trips)
All-Star Host
Book now, save $12
$125$119/day"
141,"App unlock
Add car to favorites
BMW I3 2019
4.85
(68 trips)
All-Star Host
$79/day"
142,"Add car to favorites
FIAT 500 2014
4.96
(26 trips)
All-Star Host
$60/day"
143,"Add car to favorites
Porsche Cayenne 2017
5.0
(19 trips)
All-Star Host
$125/day"
144,"Add car to favorites
Tesla Model S 2014
4.67
(96 trips)
All-Star Host
$125/day"
145,"App unlock
Add car to favorites
BMW 2-Series 2020
4.98
(53 trips)
All-Star Host
Book now, save $8
$89$85/day"
146,"Add car to favorites
Mercedes-Benz G-Class 2015
5.0
(3 trips)
Book now, save $24
$250$238/day"
147,"Add car to favorites
BMW 4 Series 2015
$83/day"
148,"Add car to favorites
Porsche Cayenne 2014
5.0
(5 trips)
All-Star Host
Book now, save $12
$125$119/day"
149,"App unlock
Add car to favorites
BMW I3 2019
4.85
(68 trips)
All-Star Host
$79/day"
150,"Add car to favorites
FIAT 500 2014
4.96
(26 trips)
All-Star Host
$60/day"
151,"Add car to favorites
Porsche Cayenne 2017
5.0
(19 trips)
All-Star Host
$125/day"
152,"Add car to favorites
Tesla Model S 2014
4.67
(96 trips)
All-Star Host
$125/day"
153,"App unlock
Add car to favorites
BMW 2-Series 2020
4.98
(53 trips)
All-Star Host
Book now, save $8
$89$85/day"
154,"Add car to favorites
Mercedes-Benz G-Class 2015
5.0
(3 trips)
Book now, save $24
$250$238/day"
155,"Add car to favorites
BMW 4 Series 2015
$83/day"
156,"Add car to favorites
Tesla Model 3 2019
4.89
(81 trips)
All-Star Host
Book now, save $16
$167$159/day"
157,"Add car to favorites
Jaguar F-TYPE 2018
5.0
(9 trips)
$220/day"
158,"Add car to favorites
Tesla Model S 2014
4.67
(96 trips)
All-Star Host
$125/day"
159,"App unlock
Add car to favorites
BMW 2-Series 2020
4.98
(53 trips)
All-Star Host
Book now, save $8
$89$85/day"
160,"Add car to favorites
Mercedes-Benz G-Class 2015
5.0
(3 trips)
Book now, save $24
$250$238/day"
161,"Add car to favorites
BMW 4 Series 2015
$83/day"
162,"Add car to favorites
Tesla Model 3 2019
4.89
(81 trips)
All-Star Host
Book now, save $16
$167$159/day"
163,"Add car to favorites
Jaguar F-TYPE 2018
5.0
(9 trips)
$220/day"
164,"App unlock
Add car to favorites
Tesla Model 3 2020
5.0
(8 trips)
Book now, save $32
$158$142/day"
165,"Add car to favorites
Maserati Ghibli 2016
5.0
(118 trips)
All-Star Host
$159/day"
166,"Add car to favorites
Porsche 718 Boxster 2017
4.98
(67 trips)
All-Star Host
$189/day"
167,"Add car to favorites
Ford F-150 2008
4.98
(217 trips)
$65/day"
168,"Add car to favorites
Tesla Model 3 2019
4.89
(81 trips)
All-Star Host
Book now, save $16
$167$159/day"
169,"Add car to favorites
Jaguar F-TYPE 2018
5.0
(9 trips)
$220/day"
170,"App unlock
Add car to favorites
Tesla Model 3 2020
5.0
(8 trips)
Book now, save $32
$158$142/day"
171,"Add car to favorites
Maserati Ghibli 2016
5.0
(118 trips)
All-Star Host
$159/day"
172,"Add car to favorites
Porsche 718 Boxster 2017
4.98
(67 trips)
All-Star Host
$189/day"
173,"Add car to favorites
Ford F-150 2008
4.98
(217 trips)
$65/day"
174,"Add car to favorites
BMW M4 2016
5.0
(47 trips)
All-Star Host
$179/day"
175,"Add car to favorites
Tesla Model 3 2019
4.93
(15 trips)
All-Star Host
Book now, save $12
$134$128/day"
176,"App unlock
Add car to favorites
Tesla Model 3 2018
5.0
(27 trips)
$179/day"
177,"Add car to favorites
BMW X1 2016
4.89
(19 trips)
All-Star Host
$95/day"
178,"Add car to favorites
Porsche 718 Boxster 2017
4.98
(67 trips)
All-Star Host
$189/day"
179,"Add car to favorites
Ford F-150 2008
4.98
(217 trips)
$65/day"
180,"Add car to favorites
BMW M4 2016
5.0
(47 trips)
All-Star Host
$179/day"
181,"Add car to favorites
Tesla Model 3 2019
4.93
(15 trips)
All-Star Host
Book now, save $12
$134$128/day"
182,"App unlock
Add car to favorites
Tesla Model 3 2018
5.0
(27 trips)
$179/day"
183,"Add car to favorites
BMW X1 2016
4.89
(19 trips)
All-Star Host
$95/day"
184,"Add car to favorites
Jeep Gladiator 2020
4.89
(126 trips)
All-Star Host
$110/day"
185,"Add car to favorites
Tesla Model 3 2019
4.97
(42 trips)
All-Star Host
Book now, save $14
$140$133/day"
186,"App unlock
Add car to favorites
BMW Z4 2020
5.0
(18 trips)
All-Star Host
$159/day"
187,"Add car to favorites
BMW M5 2013
5.0
(9 trips)
$210/day"
188,"Add car to favorites
BMW M4 2016
5.0
(47 trips)
All-Star Host
$179/day"
189,"Add car to favorites
Tesla Model 3 2019
4.93
(15 trips)
All-Star Host
Book now, save $12
$134$128/day"
190,"App unlock
Add car to favorites
Tesla Model 3 2018
5.0
(27 trips)
$179/day"
191,"Add car to favorites
BMW X1 2016
4.89
(19 trips)
All-Star Host
$95/day"
192,"Add car to favorites
Jeep Gladiator 2020
4.89
(126 trips)
All-Star Host
$110/day"
193,"Add car to favorites
Tesla Model 3 2019
4.97
(42 trips)
All-Star Host
Book now, save $14
$140$133/day"
194,"App unlock
Add car to favorites
BMW Z4 2020
5.0
(18 trips)
All-Star Host
$159/day"
195,"Add car to favorites
BMW M5 2013
5.0
(9 trips)
$210/day"
196,"Add car to favorites
Ford Mustang 2016
4.8
(69 trips)
All-Star Host
Book now, save $8
$70$66/day"
197,"Add car to favorites
BMW 4 Series 2014
5.0
(40 trips)
All-Star Host
Book now, save $12
$102$96/day"
198,"Add car to favorites
Jeep Gladiator 2020
4.89
(126 trips)
All-Star Host
$110/day"
199,"Add car to favorites
Tesla Model 3 2019
4.97
(42 trips)
All-Star Host
Book now, save $14
$140$133/day"
200,"App unlock
Add car to favorites
BMW Z4 2020
5.0
(18 trips)
All-Star Host
$159/day"
201,"Add car to favorites
BMW M5 2013
5.0
(9 trips)
$210/day"
202,"Add car to favorites
Ford Mustang 2016
4.8
(69 trips)
All-Star Host
Book now, save $8
$70$66/day"
203,"Add car to favorites
BMW 4 Series 2014
5.0
(40 trips)
All-Star Host
Book now, save $12
$102$96/day"
204,"Add car to favorites
Mazda MX-5 Miata 2016
4.96
(23 trips)
All-Star Host
Book now, save $8
$71$67/day"
205,"Add car to favorites
BMW 6 Series 2013
Book now, save $18
$173$164/day"
206,"Add car to favorites
Tesla Model 3 2019
5.0
(7 trips)
Book now, save $14
$142$135/day"
207,"Add car to favorites
Ford Mustang 2018
4.95
(93 trips)
All-Star Host
Book now, save $10
$99$94/day"
208,"Add car to favorites
Ford Mustang 2016
4.8
(69 trips)
All-Star Host
Book now, save $8
$70$66/day"
209,"Add car to favorites
BMW 4 Series 2014
5.0
(40 trips)
All-Star Host
Book now, save $12
$102$96/day"
210,"Add car to favorites
Mazda MX-5 Miata 2016
4.96
(23 trips)
All-Star Host
Book now, save $8
$71$67/day"
211,"Add car to favorites
BMW 6 Series 2013
Book now, save $18
$173$164/day"
212,"Add car to favorites
Tesla Model 3 2019
5.0
(7 trips)
Book now, save $14
$142$135/day"
213,"Add car to favorites
Ford Mustang 2018
4.95
(93 trips)
All-Star Host
Book now, save $10
$99$94/day"
214,"Add car to favorites
Tesla Model 3 2019
5.0
(21 trips)
All-Star Host
Book now, save $16
$159$151/day"
215,"Add car to favorites
Volkswagen Eos 2009
5.0
(18 trips)
All-Star Host
$80/day"
216,"Add car to favorites
BMW i3 2015
4.64
(16 trips)
All-Star Host
$65/day"
217,"Add car to favorites
Land Rover Range Rover Sport 2016
5.0
(40 trips)
All-Star Host
$149/day"
218,"Add car to favorites
Tesla Model 3 2019
5.0
(7 trips)
Book now, save $14
$142$135/day"
219,"Add car to favorites
Ford Mustang 2018
4.95
(93 trips)
All-Star Host
Book now, save $10
$99$94/day"
220,"Add car to favorites
Tesla Model 3 2019
5.0
(21 trips)
All-Star Host
Book now, save $16
$159$151/day"
221,"Add car to favorites
Volkswagen Eos 2009
5.0
(18 trips)
All-Star Host
$80/day"
222,"Add car to favorites
BMW i3 2015
4.64
(16 trips)
All-Star Host
$65/day"
223,"Add car to favorites
Land Rover Range Rover Sport 2016
5.0
(40 trips)
All-Star Host
$149/day"
224,"Add car to favorites
Mercedes-Benz C-Class 2017
5.0
(22 trips)
All-Star Host
Book now, save $10
$94$89/day"
225,"Add car to favorites
Chevrolet Corvette 2016
5.0
(50 trips)
All-Star Host
$159/day"
226,"Add car to favorites
Tesla Model 3 2019
4.88
(18 trips)
All-Star Host
$110/day"
227,"Add car to favorites
Cadillac Escalade 2017
5.0
(4 trips)
Book now, save $18
$180$171/day"
228,"Add car to favorites
Tesla Model 3 2019
5.0
(21 trips)
All-Star Host
Book now, save $16
$159$151/day"
229,"Add car to favorites
Volkswagen Eos 2009
5.0
(18 trips)
All-Star Host
$80/day"
230,"Add car to favorites
BMW i3 2015
4.64
(16 trips)
All-Star Host
$65/day"
231,"Add car to favorites
Land Rover Range Rover Sport 2016
5.0
(40 trips)
All-Star Host
$149/day"
232,"Add car to favorites
Mercedes-Benz C-Class 2017
5.0
(22 trips)
All-Star Host
Book now, save $10
$94$89/day"
233,"Add car to favorites
Chevrolet Corvette 2016
5.0
(50 trips)
All-Star Host
$159/day"
234,"Add car to favorites
Tesla Model 3 2019
4.88
(18 trips)
All-Star Host
$110/day"
235,"Add car to favorites
Cadillac Escalade 2017
5.0
(4 trips)
Book now, save $18
$180$171/day"
236,"App unlock
Add car to favorites
Tesla Model X 2016
5.0
(9 trips)
All-Star Host
Book now, save $22
$215$204/day"
237,"Add car to favorites
BMW 5 Series 2011
4.99
(84 trips)
All-Star Host
$92/day"
238,"Add car to favorites
Mercedes-Benz C-Class 2017
5.0
(22 trips)
All-Star Host
Book now, save $10
$94$89/day"
239,"Add car to favorites
Chevrolet Corvette 2016
5.0
(50 trips)
All-Star Host
$159/day"
240,"Add car to favorites
Tesla Model 3 2019
4.88
(18 trips)
All-Star Host
$110/day"
241,"Add car to favorites
Cadillac Escalade 2017
5.0
(4 trips)
Book now, save $18
$180$171/day"
242,"App unlock
Add car to favorites
Tesla Model X 2016
5.0
(9 trips)
All-Star Host
Book now, save $22
$215$204/day"
243,"Add car to favorites
BMW 5 Series 2011
4.99
(84 trips)
All-Star Host
$92/day"
244,"Add car to favorites
FIAT 500 2012
5.0
(18 trips)
All-Star Host
$75/day"
245,"App unlock
Add car to favorites
BMW 3 Series 2015
4.92
(70 trips)
All-Star Host
Book now, save $10
$101$96/day"
246,"Add car to favorites
Chrysler Town and Country 2012
4.95
(23 trips)
All-Star Host
$100/day"
247,"Add car to favorites
MINI Cooper 2015
4.91
(32 trips)
All-Star Host
$123/day"
248,"App unlock
Add car to favorites
Tesla Model X 2016
5.0
(9 trips)
All-Star Host
Book now, save $22
$215$204/day"
249,"Add car to favorites
BMW 5 Series 2011
4.99
(84 trips)
All-Star Host
$92/day"
250,"Add car to favorites
FIAT 500 2012
5.0
(18 trips)
All-Star Host
$75/day"
251,"App unlock
Add car to favorites
BMW 3 Series 2015
4.92
(70 trips)
All-Star Host
Book now, save $10
$101$96/day"
252,"Add car to favorites
Chrysler Town and Country 2012
4.95
(23 trips)
All-Star Host
$100/day"
253,"Add car to favorites
MINI Cooper 2015
4.91
(32 trips)
All-Star Host
$123/day"
254,"Add car to favorites
MINI Cooper 2015
4.88
(30 trips)
All-Star Host
$125/day"
255,"Add car to favorites
BMW X1 2016
4.82
(96 trips)
All-Star Host
$89/day"
256,"Add car to favorites
FIAT 500 2013
4.97
(39 trips)
All-Star Host
$55/day"
257,"Add car to favorites
Audi A7 2019
4.87
(17 trips)
All-Star Host
Book now, save $18
$174$165/day"
258,"Add car to favorites
Chrysler Town and Country 2012
4.95
(23 trips)
All-Star Host
$100/day"
259,"Add car to favorites
MINI Cooper 2015
4.91
(32 trips)
All-Star Host
$123/day"
260,"Add car to favorites
MINI Cooper 2015
4.88
(30 trips)
All-Star Host
$125/day"
261,"Add car to favorites
BMW X1 2016
4.82
(96 trips)
All-Star Host
$89/day"
262,"Add car to favorites
FIAT 500 2013
4.97
(39 trips)
All-Star Host
$55/day"
263,"Add car to favorites
Audi A7 2019
4.87
(17 trips)
All-Star Host
Book now, save $18
$174$165/day"
264,"Add car to favorites
Tesla Model 3 2018
5.0
(2 trips)
All-Star Host
$152/day"
265,"Add car to favorites
BMW 3 Series 2007
5.0
(82 trips)
All-Star Host
$94/day"
266,"Add car to favorites
Ford Mustang 2017
5.0
(5 trips)
Book now, save $8
$70$66/day"
267,"Add car to favorites
Ford Mustang Mach-E 2021
Book now, save $6
$64$61/day"
268,"Add car to favorites
MINI Cooper 2015
4.88
(30 trips)
All-Star Host
$125/day"
269,"Add car to favorites
BMW X1 2016
4.82
(96 trips)
All-Star Host
$89/day"
270,"Add car to favorites
FIAT 500 2013
4.97
(39 trips)
All-Star Host
$55/day"
271,"Add car to favorites
Audi A7 2019
4.87
(17 trips)
All-Star Host
Book now, save $18
$174$165/day"
272,"Add car to favorites
Tesla Model 3 2018
5.0
(2 trips)
All-Star Host
$152/day"
273,"Add car to favorites
BMW 3 Series 2007
5.0
(82 trips)
All-Star Host
$94/day"
274,"Add car to favorites
Ford Mustang 2017
5.0
(5 trips)
Book now, save $8
$70$66/day"
275,"Add car to favorites
Ford Mustang Mach-E 2021
Book now, save $6
$64$61/day"
276,"Add car to favorites
Porsche 718 Boxster 2017
5.0
(7 trips)
All-Star Host
Book now, save $16
$178$170/day"
277,"Add car to favorites
Chevrolet Corvette 2019
5.0
(6 trips)
All-Star Host
Book now, save $18
$184$175/day"
278,"Add car to favorites
Tesla Model 3 2018
5.0
(2 trips)
All-Star Host
$152/day"
279,"Add car to favorites
BMW 3 Series 2007
5.0
(82 trips)
All-Star Host
$94/day"
280,"Add car to favorites
Ford Mustang 2017
5.0
(5 trips)
Book now, save $8
$70$66/day"
281,"Add car to favorites
Ford Mustang Mach-E 2021
Book now, save $6
$64$61/day"
282,"Add car to favorites
Porsche 718 Boxster 2017
5.0
(7 trips)
All-Star Host
Book now, save $16
$178$170/day"
283,"Add car to favorites
Chevrolet Corvette 2019
5.0
(6 trips)
All-Star Host
Book now, save $18
$184$175/day"
284,"Add car to favorites
BMW 6 Series 2007
4.96
(60 trips)
All-Star Host
$127/day"
285,"Add car to favorites
Mercedes-Benz GLE-Class Coupe 2018
5.0
(1 trip)
$195/day"
286,"Add car to favorites
BMW 3 Series Gran Turismo 2015
5.0
(20 trips)
All-Star Host
Book now, save $8
$70$66/day"
287,"Add car to favorites
BMW 6 Series 2007
4.97
(46 trips)
All-Star Host
$127/day"
288,"Add car to favorites
Porsche 718 Boxster 2017
5.0
(7 trips)
All-Star Host
Book now, save $16
$178$170/day"
289,"Add car to favorites
Chevrolet Corvette 2019
5.0
(6 trips)
All-Star Host
Book now, save $18
$184$175/day"
290,"Add car to favorites
BMW 6 Series 2007
4.96
(60 trips)
All-Star Host
$127/day"
291,"Add car to favorites
Mercedes-Benz GLE-Class Coupe 2018
5.0
(1 trip)
$195/day"
292,"Add car to favorites
BMW 3 Series Gran Turismo 2015
5.0
(20 trips)
All-Star Host
Book now, save $8
$70$66/day"
293,"Add car to favorites
BMW 6 Series 2007
4.97
(46 trips)
All-Star Host
$127/day"
294,"Add car to favorites
Polaris Slingshot 2019
5.0
(74 trips)
All-Star Host
Book now, save $14
$148$141/day"
295,"Add car to favorites
BMW 1 Series 2009
4.95
(46 trips)
All-Star Host
$86/day"
296,"Add car to favorites
Tesla Model 3 2021
5.0
(28 trips)
All-Star Host
$155/day"
297,"Add car to favorites
Jeep Wrangler 2018
4.86
(191 trips)
All-Star Host
Book now, save $14
$131$124/day"
298,"Add car to favorites
BMW 3 Series Gran Turismo 2015
5.0
(20 trips)
All-Star Host
Book now, save $8
$70$66/day"
299,"Add car to favorites
BMW 6 Series 2007
4.97
(46 trips)
All-Star Host
$127/day"
300,"Add car to favorites
Polaris Slingshot 2019
5.0
(74 trips)
All-Star Host
Book now, save $14
$148$141/day"
301,"Add car to favorites
BMW 1 Series 2009
4.95
(46 trips)
All-Star Host
$86/day"
302,"Add car to favorites
Tesla Model 3 2021
5.0
(28 trips)
All-Star Host
$155/day"
303,"Add car to favorites
Jeep Wrangler 2018
4.86
(191 trips)
All-Star Host
Book now, save $14
$131$124/day"
304,"Add car to favorites
Chevrolet Corvette 2016
5.0
(3 trips)
Book now, save $20
$209$199/day"
305,"Add car to favorites
Tesla Model S 2015
5.0
(17 trips)
All-Star Host
Book now, save $18
$192$183/day"
306,"Add car to favorites
Chevrolet Corvette 2016
5.0
(16 trips)
All-Star Host
$159/day"
307,"App unlock
Add car to favorites
Tesla Model 3 2021
5.0
(13 trips)
All-Star Host
$159/day"
308,"Add car to favorites
Polaris Slingshot 2019
5.0
(74 trips)
All-Star Host
Book now, save $14
$148$141/day"
309,"Add car to favorites
BMW 1 Series 2009
4.95
(46 trips)
All-Star Host
$86/day"
310,"Add car to favorites
Tesla Model 3 2021
5.0
(28 trips)
All-Star Host
$155/day"
311,"Add car to favorites
Jeep Wrangler 2018
4.86
(191 trips)
All-Star Host
Book now, save $14
$131$124/day"
312,"Add car to favorites
Chevrolet Corvette 2016
5.0
(3 trips)
Book now, save $20
$209$199/day"
313,"Add car to favorites
Tesla Model S 2015
5.0
(17 trips)
All-Star Host
Book now, save $18
$192$183/day"
314,"Add car to favorites
Chevrolet Corvette 2016
5.0
(16 trips)
All-Star Host
$159/day"
315,"App unlock
Add car to favorites
Tesla Model 3 2021
5.0
(13 trips)
All-Star Host
$159/day"
316,"App unlock
Add car to favorites
Tesla Model X 2018
4.86
(86 trips)
All-Star Host
$208/day"
317,"Add car to favorites
Honda Accord Sedan 2019
4.98
(54 trips)
All-Star Host
Book now, save $8
$89$85/day"
318,"Add car to favorites
Chevrolet Corvette 2016
5.0
(3 trips)
Book now, save $20
$209$199/day"
319,"Add car to favorites
Tesla Model S 2015
5.0
(17 trips)
All-Star Host
Book now, save $18
$192$183/day"
320,"Add car to favorites
Chevrolet Corvette 2016
5.0
(16 trips)
All-Star Host
$159/day"
321,"App unlock
Add car to favorites
Tesla Model 3 2021
5.0
(13 trips)
All-Star Host
$159/day"
322,"App unlock
Add car to favorites
Tesla Model X 2018
4.86
(86 trips)
All-Star Host
$208/day"
323,"Add car to favorites
Honda Accord Sedan 2019
4.98
(54 trips)
All-Star Host
Book now, save $8
$89$85/day"
324,"Add car to favorites
Ford Mustang 2016
4.92
(224 trips)
All-Star Host
$150/day"
325,"Add car to favorites
Tesla Model 3 2021
5.0
(5 trips)
Book now, save $14
$144$137/day"
326,"Add car to favorites
Chevrolet Corvette 2016
5.0
(6 trips)
Book now, save $18
$186$177/day"
327,"Add car to favorites
Jeep Gladiator 2020
4.89
(46 trips)
All-Star Host
Book now, save $10
$109$104/day"
328,"App unlock
Add car to favorites
Tesla Model X 2018
4.86
(86 trips)
All-Star Host
$208/day"
329,"Add car to favorites
Honda Accord Sedan 2019
4.98
(54 trips)
All-Star Host
Book now, save $8
$89$85/day"
330,"Add car to favorites
Ford Mustang 2016
4.92
(224 trips)
All-Star Host
$150/day"
331,"Add car to favorites
Tesla Model 3 2021
5.0
(5 trips)
Book now, save $14
$144$137/day"
332,"Add car to favorites
Chevrolet Corvette 2016
5.0
(6 trips)
Book now, save $18
$186$177/day"
333,"Add car to favorites
Jeep Gladiator 2020
4.89
(46 trips)
All-Star Host
Book now, save $10
$109$104/day"
334,"Add car to favorites
MINI Countryman 2019
4.89
(112 trips)
All-Star Host
Book now, save $8
$85$81/day"
335,"Add car to favorites
Porsche 718 Boxster 2017
4.83
(9 trips)
All-Star Host
$230/day"
336,"Add car to favorites
Polaris Slingshot 2015
4.87
(153 trips)
All-Star Host
Book now, save $16
$157$149/day"
337,"Add car to favorites
Chevrolet Corvette 2019
5.0
(4 trips)
$185/day"
338,"Add car to favorites
Chevrolet Corvette 2016
5.0
(6 trips)
Book now, save $18
$186$177/day"
339,"Add car to favorites
Jeep Gladiator 2020
4.89
(46 trips)
All-Star Host
Book now, save $10
$109$104/day"
340,"Add car to favorites
MINI Countryman 2019
4.89
(112 trips)
All-Star Host
Book now, save $8
$85$81/day"
341,"Add car to favorites
Porsche 718 Boxster 2017
4.83
(9 trips)
All-Star Host
$230/day"
342,"Add car to favorites
Polaris Slingshot 2015
4.87
(153 trips)
All-Star Host
Book now, save $16
$157$149/day"
343,"Add car to favorites
Chevrolet Corvette 2019
5.0
(4 trips)
$185/day"
344,"Add car to favorites
Porsche Boxster 2010
4.94
(20 trips)
$138/day"
345,"Add car to favorites
Mercedes-Benz S-Class 2017
5.0
(1 trip)
$199/day"
346,"Add car to favorites
Tesla Model 3 2020
5.0
(4 trips)
All-Star Host
$139/day"
347,"Add car to favorites
Nissan Rogue 2018
4.67
(92 trips)
All-Star Host
Book now, save $10
$98$93/day"
348,"Add car to favorites
MINI Countryman 2019
4.89
(112 trips)
All-Star Host
Book now, save $8
$85$81/day"
349,"Add car to favorites
Porsche 718 Boxster 2017
4.83
(9 trips)
All-Star Host
$230/day"
350,"Add car to favorites
Polaris Slingshot 2015
4.87
(153 trips)
All-Star Host
Book now, save $16
$157$149/day"
351,"Add car to favorites
Chevrolet Corvette 2019
5.0
(4 trips)
$185/day"
352,"Add car to favorites
Porsche Boxster 2010
4.94
(20 trips)
$138/day"
353,"Add car to favorites
Mercedes-Benz S-Class 2017
5.0
(1 trip)
$199/day"
354,"Add car to favorites
Tesla Model 3 2020
5.0
(4 trips)
All-Star Host
$139/day"
355,"Add car to favorites
Nissan Rogue 2018
4.67
(92 trips)
All-Star Host
Book now, save $10
$98$93/day"
356,"App unlock
Add car to favorites
Tesla Model X 2017
4.97
(41 trips)
All-Star Host
$191/day"
357,"App unlock
Add car to favorites
Tesla Model S 2016
5.0
(8 trips)
All-Star Host
$110/day"
358,"Add car to favorites
Porsche Boxster 2010
4.94
(20 trips)
$138/day"
359,"Add car to favorites
Mercedes-Benz S-Class 2017
5.0
(1 trip)
$199/day"
360,"Add car to favorites
Tesla Model 3 2020
5.0
(4 trips)
All-Star Host
$139/day"
361,"Add car to favorites
Nissan Rogue 2018
4.67
(92 trips)
All-Star Host
Book now, save $10
$98$93/day"
362,"App unlock
Add car to favorites
Tesla Model X 2017
4.97
(41 trips)
All-Star Host
$191/day"
363,"App unlock
Add car to favorites
Tesla Model S 2016
5.0
(8 trips)
All-Star Host
$110/day"
364,"Add car to favorites
Ford Mustang Mach-E 2021
5.0
(1 trip)
Book now, save $12
$130$124/day"
365,"Add car to favorites
BMW 2 Series 2015
5.0
(2 trips)
$134/day"
366,"Add car to favorites
Nissan Rogue 2017
4.92
(109 trips)
All-Star Host
$106/day"
367,"App unlock
Add car to favorites
Tesla Model S 2016
5.0
(7 trips)
All-Star Host
$110/day"
368,"App unlock
Add car to favorites
Tesla Model X 2017
4.97
(41 trips)
All-Star Host
$191/day"
369,"App unlock
Add car to favorites
Tesla Model S 2016
5.0
(8 trips)
All-Star Host
$110/day"
370,"Add car to favorites
Ford Mustang Mach-E 2021
5.0
(1 trip)
Book now, save $12
$130$124/day"
371,"Add car to favorites
BMW 2 Series 2015
5.0
(2 trips)
$134/day"
372,"Add car to favorites
Nissan Rogue 2017
4.92
(109 trips)
All-Star Host
$106/day"
373,"App unlock
Add car to favorites
Tesla Model S 2016
5.0
(7 trips)
All-Star Host
$110/day"
374,"Add car to favorites
Tesla Model 3 2018
4.99
(74 trips)
All-Star Host
Book now, save $18
$164$155/day"
375,"Add car to favorites
Toyota Sequoia 2018
4.94
(16 trips)
All-Star Host
$130/day"
376,"Free delivery
App unlock
Add car to favorites
Tesla Model 3 2018
5.0
(20 trips)
Book now, save $18
$171$162/day"
377,"Add car to favorites
Tesla Model 3 2019
5.0
(4 trips)
$155/day"
378,"Add car to favorites
Nissan Rogue 2017
4.92
(109 trips)
All-Star Host
$106/day"
379,"App unlock
Add car to favorites
Tesla Model S 2016
5.0
(7 trips)
All-Star Host
$110/day"
380,"Add car to favorites
Tesla Model 3 2018
4.99
(74 trips)
All-Star Host
Book now, save $18
$164$155/day"
381,"Add car to favorites
Toyota Sequoia 2018
4.94
(16 trips)
All-Star Host
$130/day"
382,"Free delivery
App unlock
Add car to favorites
Tesla Model 3 2018
5.0
(20 trips)
Book now, save $18
$171$162/day"
383,"Add car to favorites
Tesla Model 3 2019
5.0
(4 trips)
$155/day"
384,"Add car to favorites
MINI Cooper 2009
4.88
(36 trips)
All-Star Host
$59/day"
385,"Add car to favorites
BMW 6 Series 2008
4.69
(19 trips)
All-Star Host
$115/day"
386,"Add car to favorites
Jeep Wrangler 2000
4.86
(49 trips)
All-Star Host
$99/day"
387,"Add car to favorites
Jeep Gladiator 2020
5.0
(39 trips)
All-Star Host
Book now, save $10
$109$104/day"
388,"Add car to favorites
Tesla Model 3 2018
4.99
(74 trips)
All-Star Host
Book now, save $18
$164$155/day"
389,"Add car to favorites
Toyota Sequoia 2018
4.94
(16 trips)
All-Star Host
$130/day"
390,"Free delivery
App unlock
Add car to favorites
Tesla Model 3 2018
5.0
(20 trips)
Book now, save $18
$171$162/day"
391,"Add car to favorites
Tesla Model 3 2019
5.0
(4 trips)
$155/day"
392,"Add car to favorites
MINI Cooper 2009
4.88
(36 trips)
All-Star Host
$59/day"
393,"Add car to favorites
BMW 6 Series 2008
4.69
(19 trips)
All-Star Host
$115/day"
394,"Add car to favorites
Jeep Wrangler 2000
4.86
(49 trips)
All-Star Host
$99/day"
395,"Add car to favorites
Jeep Gladiator 2020
5.0
(39 trips)
All-Star Host
Book now, save $10
$109$104/day"
396,"Add car to favorites
Volkswagen Passat 2019
4.88
(97 trips)
All-Star Host
$85/day"
397,"Add car to favorites
Toyota Prius 2016
5.0
(10 trips)
Book now, save $6
$59$56/day"
398,"App unlock
Add car to favorites
Tesla Model Y 2021
5.0
(6 trips)
All-Star Host
$149/day"
399,"Add car to favorites
Tesla Model Y 2021
5.0
(26 trips)
All-Star Host
$118/day"
400,"Add car to favorites
Jeep Gladiator 2020
5.0
(17 trips)
All-Star Host
Book now, save $10
$109$104/day"
401,"Add car to favorites
Porsche Macan 2017
5.0
(47 trips)
All-Star Host
$129/day"
402,"Add car to favorites
Tesla Model 3 2021
5.0
(4 trips)
$115/day"
403,"Add car to favorites
Ram Promaster City 2015
4.69
(14 trips)
All-Star Host
Book now, save $8
$87$83/day"
404,"Add car to favorites
BMW 3 Series 2011
5.0
(26 trips)
All-Star Host
$96/day"
405,"App unlock
Add car to favorites
BMW 3-Series 2020
4.76
(30 trips)
All-Star Host
$110/day"
406,"Add car to favorites
BMW 3 Series 2009
5.0
(27 trips)
All-Star Host
$104/day"
407,"Add car to favorites
BMW 4 Series Gran Coupe 2016
4.99
(87 trips)
All-Star Host
Book now, save $14
$133$126/day"
408,"Add car to favorites
Tesla Model 3 2021
5.0
(4 trips)
$115/day"
409,"Add car to favorites
Ram Promaster City 2015
4.69
(14 trips)
All-Star Host
Book now, save $8
$87$83/day"
410,"Add car to favorites
BMW 3 Series 2011
5.0
(26 trips)
All-Star Host
$96/day"
411,"App unlock
Add car to favorites
BMW 3-Series 2020
4.76
(30 trips)
All-Star Host
$110/day"
412,"Add car to favorites
BMW 3 Series 2009
5.0
(27 trips)
All-Star Host
$104/day"
413,"Add car to favorites
BMW 4 Series Gran Coupe 2016
4.99
(87 trips)
All-Star Host
Book now, save $14
$133$126/day"
414,"Add car to favorites
MINI Cooper Clubman 2013
5.0
(9 trips)
$85/day"
415,"Add car to favorites
BMW 5 Series 2011
4.98
(54 trips)
All-Star Host
$92/day"
416,"Add car to favorites
Mercedes-benz A-Class 2021
5.0
(13 trips)
Book now, save $8
$90$86/day"
417,"Add car to favorites
smart fortwo 2014
4.89
(10 trips)
All-Star Host
$43/day"
418,"Add car to favorites
BMW 3 Series 2011
5.0
(26 trips)
All-Star Host
$96/day"
419,"App unlock
Add car to favorites
BMW 3-Series 2020
4.76
(30 trips)
All-Star Host
$110/day"
420,"Add car to favorites
BMW 3 Series 2009
5.0
(27 trips)
All-Star Host
$104/day"
421,"Add car to favorites
BMW 4 Series Gran Coupe 2016
4.99
(87 trips)
All-Star Host
Book now, save $14
$133$126/day"
422,"Add car to favorites
MINI Cooper Clubman 2013
5.0
(9 trips)
$85/day"
423,"Add car to favorites
BMW 5 Series 2011
4.98
(54 trips)
All-Star Host
$92/day"
424,"Add car to favorites
Mercedes-benz A-Class 2021
5.0
(13 trips)
Book now, save $8
$90$86/day"
425,"Add car to favorites
smart fortwo 2014
4.89
(10 trips)
All-Star Host
$43/day"
426,"Add car to favorites
Chevrolet Camaro 2015
4.93
(62 trips)
All-Star Host
$100/day"
427,"Add car to favorites
GMC Yukon XL 2016
4.0
(1 trip)
Book now, save $12
$115$109/day"
428,"Add car to favorites
MINI Cooper Clubman 2013
5.0
(9 trips)
$85/day"
429,"Add car to favorites
BMW 5 Series 2011
4.98
(54 trips)
All-Star Host
$92/day"
430,"Add car to favorites
Mercedes-benz A-Class 2021
5.0
(13 trips)
Book now, save $8
$90$86/day"
431,"Add car to favorites
smart fortwo 2014
4.89
(10 trips)
All-Star Host
$43/day"
432,"Add car to favorites
Chevrolet Camaro 2015
4.93
(62 trips)
All-Star Host
$100/day"
433,"Add car to favorites
GMC Yukon XL 2016
4.0
(1 trip)
Book now, save $12
$115$109/day"
434,"Add car to favorites
FIAT 500 2012
5.0
(1 trip)
Book now, save $4
$30$28/day"
435,"Add car to favorites
BMW 5 Series 2011
5.0
(7 trips)
$114/day"
436,"Add car to favorites
Mercedes-Benz C-Class 2018
5.0
(10 trips)
Book now, save $14
$132$125/day"
437,"Add car to favorites
Tesla Model 3 2018
5.0
(52 trips)
Book now, save $16
$166$158/day"
438,"Add car to favorites
Chevrolet Camaro 2015
4.93
(62 trips)
All-Star Host
$100/day"
439,"Add car to favorites
GMC Yukon XL 2016
4.0
(1 trip)
Book now, save $12
$115$109/day"
440,"Add car to favorites
FIAT 500 2012
5.0
(1 trip)
Book now, save $4
$30$28/day"
441,"Add car to favorites
BMW 5 Series 2011
5.0
(7 trips)
$114/day"
442,"Add car to favorites
Mercedes-Benz C-Class 2018
5.0
(10 trips)
Book now, save $14
$132$125/day"
443,"Add car to favorites
Tesla Model 3 2018
5.0
(52 trips)
Book now, save $16
$166$158/day"
444,"Add car to favorites
Tesla Model S 2014
5.0
(25 trips)
All-Star Host
$150/day"
445,"Add car to favorites
Mercedes-Benz E-Class 2017
5.0
(8 trips)
All-Star Host
$132/day"
446,"Add car to favorites
Polaris Slingshot 2016
4.96
(106 trips)
All-Star Host
$171/day"
447,"Add car to favorites
Nissan Versa 2014
4.97
(35 trips)
All-Star Host
$51/day"
448,"Add car to favorites
Mercedes-Benz C-Class 2018
5.0
(10 trips)
Book now, save $14
$132$125/day"
449,"Add car to favorites
Tesla Model 3 2018
5.0
(52 trips)
Book now, save $16
$166$158/day"
450,"Add car to favorites
Tesla Model S 2014
5.0
(25 trips)
All-Star Host
$150/day"
451,"Add car to favorites
Mercedes-Benz E-Class 2017
5.0
(8 trips)
All-Star Host
$132/day"
452,"Add car to favorites
Polaris Slingshot 2016
4.96
(106 trips)
All-Star Host
$171/day"
453,"Add car to favorites
Nissan Versa 2014
4.97
(35 trips)
All-Star Host
$51/day"
454,"Add car to favorites
Mercedes-Benz C-Class 2011
5.0
(6 trips)
Book now, save $10
$82$77/day"
455,"Add car to favorites
Tesla Model S 2013
$140/day"
456,"Add car to favorites
Dodge Journey 2009
5.0
(5 trips)
All-Star Host
$93/day"
457,"Add car to favorites
Mercedes-Benz GLE-Class 2017
5.0
(4 trips)
Book now, save $16
$166$158/day"
458,"Add car to favorites
Mercedes-Benz C-Class 2011
5.0
(6 trips)
Book now, save $10
$82$77/day"
459,"Add car to favorites
Tesla Model S 2013
$140/day"
460,"Add car to favorites
Dodge Journey 2009
5.0
(5 trips)
All-Star Host
$93/day"
461,"Add car to favorites
Mercedes-Benz GLE-Class 2017
5.0
(4 trips)
Book now, save $16
$166$158/day"
462,"Add car to favorites
BMW X1 2016
5.0
(2 trips)
Book now, save $10
$98$93/day"
463,"Add car to favorites
Ford Super Duty F-350 2019
4.96
(33 trips)
All-Star Host
$136/day"
464,"Add car to favorites
Porsche 718 2021
5.0
(32 trips)
All-Star Host
$189/day"
465,"Add car to favorites
Mercedes-Benz E-Class 2014
5.0
(9 trips)
All-Star Host
Book now, save $12
$118$112/day"
466,"Add car to favorites
Jeep Wrangler Unlimited 2020
5.0
(44 trips)
All-Star Host
Book now, save $10
$109$104/day"
467,"Add car to favorites
Lexus Ux 2021
5.0
(29 trips)
All-Star Host
$89/day"
468,"Add car to favorites
Jeep Wrangler Unlimited 2020
5.0
(44 trips)
All-Star Host
Book now, save $10
$109$104/day"
469,"Add car to favorites
Lexus Ux 2021
5.0
(29 trips)
All-Star Host
$89/day"
470,"Add car to favorites
Toyota Tundra 2016
5.0
(6 trips)
Book now, save $8
$86$82/day"
471,"Add car to favorites
Jeep Wrangler Unlimited 2021
5.0
(1 trip)
All-Star Host
Book now, save $10
$105$100/day"
472,"Add car to favorites
MINI Cooper Coupe 2012
5.0
(2 trips)
Book now, save $8
$82$78/day"
473,"Add car to favorites
Audi Q7 2019
4.87
(34 trips)
All-Star Host
Book now, save $10
$91$86/day"
474,"Add car to favorites
Honda CR-V 2014
Book now, save $10
$91$86/day"
475,"Add car to favorites
Tesla Model 3 2019
5.0
(6 trips)
All-Star Host
Book now, save $14
$142$135/day"
476,"Add car to favorites
BMW 3-Series 2019
4.83
(94 trips)
All-Star Host
$110/day"
477,"Add car to favorites
Audi Q3 2016
5.0
(1 trip)
All-Star Host
Book now, save $10
$99$94/day"
478,"Add car to favorites
Honda CR-V 2014
Book now, save $10
$91$86/day"
479,"Add car to favorites
Tesla Model 3 2019
5.0
(6 trips)
All-Star Host
Book now, save $14
$142$135/day"
480,"Add car to favorites
BMW 3-Series 2019
4.83
(94 trips)
All-Star Host
$110/day"
481,"Add car to favorites
Audi Q3 2016
5.0
(1 trip)
All-Star Host
Book now, save $10
$99$94/day"
482,"Add car to favorites
Suzuki Kizashi 2011
4.95
(27 trips)
All-Star Host
$65/day"
483,"Add car to favorites
Chevrolet Camaro 2018
4.81
(137 trips)
All-Star Host
$150/day"
484,"Add car to favorites
Lexus IS 2019
5.0
(6 trips)
All-Star Host
Book now, save $12
$115$109/day"
485,"Add car to favorites
Ford Explorer 2014
5.0
(1 trip)
$100/day"
486,"App unlock
Add car to favorites
Tesla Model S 2016
5.0
(19 trips)
All-Star Host
$176/day"
487,"Add car to favorites
Toyota Camry 2011
4.87
(62 trips)
All-Star Host
Book now, save $6
$52$49/day"
488,"App unlock
Add car to favorites
Tesla Model S 2016
5.0
(19 trips)
All-Star Host
$176/day"
489,"Add car to favorites
Toyota Camry 2011
4.87
(62 trips)
All-Star Host
Book now, save $6
$52$49/day"
490,"Add car to favorites
BMW 5 Series 2018
5.0
(4 trips)
All-Star Host
$95/day"
491,"Add car to favorites
Ferrari 488GTB 2018
4.96
(27 trips)
All-Star Host
Book now, save $90
$895$850/day"
492,"Add car to favorites
Alfa Romeo Giulia 2018
5.0
(5 trips)
$88/day"
493,"Add car to favorites
Maserati Ghibli 2018
Book now, save $18
$179$170/day"
494,"Add car to favorites
Chevrolet Colorado 2018
5.0
(92 trips)
All-Star Host
Book now, save $8
$81$77/day"
495,"Add car to favorites
Maserati Levante 2019
5.0
(99 trips)
All-Star Host
Book now, save $24
$239$227/day"
